name,address,rating,reviews,rubrics,lat,lon,цены,отзывы_собрано,текст_отзыва,положительных_слов,отрицательных_слов
"Legacy, пансионат для пожилых людей","улица Улофа Пальме, 1",5,424,Дома престарелых,55.717812,37.511862,Поддержка Для лежачих больных и пожилых с ограниченными возможностями гигиенический уход питание реабилитация после травм Проживание в комфортабельном номере: 1 300 ₽,0,,0,0
"Ритм, дом престарелых","Осоргино деревня, 159а",,220.0,Дома престарелых,55.635841,37.228388,,0,,0,0
"Опека Щукинский, пансионат","улица Габричевского, 5 к8",4.9,30,Дома престарелых,55.814275,37.456691,"5-местное: 5 100 ₽ | 4-местное: 5 750 ₽ | 3-местное: 6 500 ₽ | 2-местное: 7 700 ₽ | 1-местное: 11 700 ₽ | 1-местное Комфорт: 13 000 ₽ | 1-местное ""Всё включено"": 18 200 ₽ | Восстановление после инсульта: 11 000 ₽ | АВП для пациентов с хронической сердечной недостаточностью: 11 000 ₽ | АВП для пациентов с когнитивными нарушениями: 11 000 ₽ | Паллиативная помощь и выхаживание: 11 000 ₽ | Программа восстановительного лечения: 11 000 ₽ | Восстановление после перелома шейки бедра: 11 000 ₽",15,"Дед постоянно падал дома, уже страшно было оставлять его одного. Здесь всё под контролем камеры, охрана, кнопка вызова, полы не скользкие. Внимание к деталям на высоте. | После инфаркта папу определили на восстановление. Через месяц минус 5 кг, давление в норме, настроение лучше. Говорит, чувствует себя человеком. За это огромное спасибо медперсоналу 💚 | Пансионат рекомендую всем, кто не может справиться дома. У нас мама с деменцией, раньше не узнавала нас, а теперь хоть улыбается. Там с ней работают, и это видно.Нравится, что всё по графику, и врачи адекватные, особенно отметить хочется Таисию Дмитриевну | Пробовали дома ухаживать за бабушкой, не справились. Здесь сиделки круглосуточно, и медсестра всегда рядом. Пансионат в зелёном районе, вокруг лес, воздух другой. Сам бы туда переехал 😅 | У нас была паллиативная ситуация. Маму отправили на последние месяцы. Всё прошло спокойно, с уважением. Ни одной ссадины, всегда чистая, рядом сиделки. Это не приют, это место, где уважают человека до конца. | Папе 90 лет, проблемы с сердцем, память уже не та. Здесь за ним ухаживают, он не один, и это главное. Говорит, что чувствует себя в безопасности. Нам важно было, чтобы там не просто лежали, а жили. Так и есть. | Пока была в декрете, заботилась о дедушке самостоятельно, но вот вышла на работу и поняла, что дневное пребывание в Опеке - решение для нас. Я конечно переживаю все равно, все же чужие люди рядом, но они профессионалы в этом, в отличие от меня. Пока что меня все устраивает | Отличный пансионат, все продумано и создано для пожилых, вплоть до услуг! Реабилитологи отменные, есть психологи даже, тоже профи своего дела. Рады, что узнали про это место | Очень долго сомневалась, до последнего переживала - как же я могу единственного родного человека в пансионат отдать. Но это не тюрьма какая-то, очень уютное место, как санаторий. Пообщалась с управляющим, действительно стало легче. Пока что дедушка здесь два месяца - ни единой жалобы не было, только скучает по мне, если я долго не приезжаю навещать. Стараюсь навещать чаще | Ожидали, что реабилитация пройдет лучше, хотя результат действительно неплохой. Но давайте по порядку - у бабушки случился инсульт, ей 83 года, возраст сами понимаете какой. Очень повезло, что мы были как раз у нее в гостях, сразу же отвезли в больницу, а то я даже не знаю, что было бы. Поэтому и ожидали, что бабушку восстановят полностью - сразу после больницы обратились в Опеку. Но увы речь вернуть не удалось - понимают бабушку только самые близкие. Ходит сама, минимальные действия производит  | Бабуля здесь пожила тестовый месяц и попросилась домой. Вы бы знали причину - это очень смешно, ей хотелось кашку приготовить в своей любимой кастрюльке))) Вернулась домой и через неделю попросилась обратно - в пансионате ей спокойнее и тише, мы для нее шумные очень. | Прекрасный пансионат, и кстати сиделки у Опеки тоже отличные. Мы изначально обращались в патронажную службу, все по высшему разряду, никаких проблем. Потому и на пансионат решились. Мама здесь живет месяца три уже, ни единого нарекания в адрес персонала мы от нее не слышали. От себя могу добавить еще бонус руководству - чуткие люди, даже после того, как продали свои услуги. Это особенно приятно | Пансионат Опека - лучшее решение для нашей семьи. Папа после смерти мамы стал угасать буквально на глазах, переживали за него очень. Переезжать к нам отказался, а вот Опека показалась ему интересной - нашел там себе собеседников интересных, и с недавних пор на постоянке там живет. | Изначально ценник этого пансионата показался высоким. Но когда съездили туда, пообщались с сотрудниками, управляющей, сомнения отпали. Аккуратные симпатичные комнаты, ухоженная территория, и, что самое главное - постояльцы очень хорошо выглядят, видно, что о них заботятся. Доверили Опеке бабушку, второй месяц здесь живет, очень довольна работой сиделок, едой и обстановка ее тоже радует. | Отличный пансионат, в котором предусмотрена реабилитация. Собственно, за этим мы сюда и обращались - бабушка нуждается в качественном ЛФК, в пансионате это делать удобнее всего",8,3
"Теплые беседы, пансионат для пожилых людей","Оранжерейная улица, 7",4.9,30,Дома престарелых,55.718791,37.861792,Дом престарелых: 2 100 ₽ | Пансионат для пожилых людей: 2 200 ₽ | Пансионат для пожилых людей в подмосковье: 2 400 ₽ | Частный пансионат для пожилых: 2 250 ₽ | Дом престарелых в подмосковье: 2 100 ₽ | Пансионат для пожилых людей в подмосковье: 2 200 ₽ | Дом престарелых: 2 300 ₽ | Пансионат для пожилых людей: 2 400 ₽ | Дом престарелых: 2 200 ₽ | Пансионат для пожилых людей: 2 300 ₽ | Частный пансионат для пожилых: 2 400 ₽ | Дом престарелых в подмосковье: 2 250 ₽ | Дом престарелых: 2 400 ₽ | Пансионат для пожилых людей: 2 200 ₽ | Пансионат для пожилых людей в подмосковье: 2 150 ₽ | Частный пансионат для пожилых: 2 200 ₽ | Дом престарелых: 2 150 ₽ | Пансионат для пожилых людей в подмосковье: 1 950 ₽ | Частный пансионат для пожилых: 1 900 ₽ | Дом престарелых в подмосковье: 2 000 ₽ | Дом престарелых: 2 500 ₽ | Пансионат для пожилых людей: 2 400 ₽ | Пансионат для пожилых людей в Подмосковье: 2 300 ₽ | Дом престарелых Долгопрудный: 1 800 ₽ | Пансионат для пожилых реутов: 2 250 ₽ | Дом престарелых реутов: 2 150 ₽ | Пансионат для пожилых людей реутов: 2 350 ₽ | Восток дом престарелых: 2 150 ₽ | Пансионат для пожилых реутов: 2 350 ₽ | Частный пансионат для пожилых реутов: 2 100 ₽ | Частный пансионат для пожилых реутов: 2 100 ₽ | Дом престарелых реутов: 2 200 ₽ | Пансионат для пожилых людей реутов: 2 300 ₽ | Восток дом престарелых: 2 100 ₽ | Частный пансионат для пожилых реутов: 2 200 ₽ | Пансионат для пожилых реутов: 2 300 ₽ | Дом престарелых реутов: 2 150 ₽ | Пансионат для пожилых людей реутов: 2 250 ₽ | Восток дом престарелых: 2 350 ₽ | Частный пансионат для пожилых реутов: 2 100 ₽ | Пансионат для пожилых реутов: 2 200 ₽ | Дом престарелых реутов: 2 300 ₽ | Пансионат для пожилых людей реутов: 2 350 ₽ | Пансионат для пожилых реутов: 2 450 ₽ | Восток дом престарелых: 2 550 ₽ | Частный пансионат для пожилых реутов: 2 350 ₽ | Пансионат для пожилых реутов: 2 450 ₽ | Дом престарелых реутов: 2 550 ₽ | Пансионат для пожилых людей реутов: 2 300 ₽ | Восток дом престарелых: 2 400 ₽,15,"Мне даже обидно иногда бывает. Я за бабулей ухаживаю на совесть, а она мне все в пример ставит, что и убирают тут каждый день, и готовят разнообразнее. Провела в пансионате месяц, пока ремонт был. Вспоминает постоянно. Вот так. | Огромная благодарность всему коллективу ""Теплых бесед""! Наша мама (96 лет, лежачая) прожила здесь год. Дома мы не справлялись, появились пролежни. Тут их вылечили, постоянно обрабатывают кожу, меняют положение. Удивительная чистота в палатах, нет неприятных запахов. Это очень нелегкий, но очень нужный труд. Спасибо сиделкам. Вы дарите нам спокойствие, а нашим родным - заботу. | Мы живем 5 месяцев. Бабуля стала бодрее! Аниматоры, досуг, прогулки. Дома она бы не выходила вообще. Огромное спасибо сиделке Оле! | Полноценный уход и контроль предписаний врача. Пришли с карточкой, заведующая все изучила, одобрила. Сейчас состояние неплохое для нашего диагноза (диабет 2 типа). Не уверена, что дома бы справились. | Уже почти год, как мама с деменцией живет в Теплых беседах в Реутове. Благодаря постоянной заботе персонала она прекрасно себя чувствует, выглядит свежей и бодрой, даже чем была дома. Здесь созданы все условия для комфортного проживания таких постояльцев. Но самое ценное это атмосфера. Праздники, творческие занятия (поделки, оригами, даже акварель), регулярная лечебная физкультура. Все это помогает маме по-настоящему жить и радоваться каждому дню. От всей души благодарю коллектив за ваш професси | Нам нужно было место со специальными матрасами для лежачих. Не смотрите, что снаружи скромно. Оборудовано отлично. Кровати здесь современные, удобные. У персонала полное описание проблемы, что можно и что нельзя. Они следят за нагрузками. Вовремя помогут сесть или отправят отдыхать. | Здравствуйте! Несколько лет моя бабушка находилась в этом пансионате, и я очень благодарна за уход, который ей тут оказывали. Забота и внимательность персонала к пожилым людям бесценны. Огромное спасибо вам, девочки, за все что вы делали и делаете каждый день. | У бабушки рассеянный склероз, одну её оставлять нельзя. В Теплых беседах организована система ухода которой можно доверять. Полный контроль, на территории камеры да и за друг другом бабушки следят. Да и сотрудники не оставляют без присмотра. Сотрудники кстати, очень вежливые, все фиксируют, всегда на связи. Бабуля окружена вниманием. Это не просто пансионат, это почти домашние условия только с профессиональным присмотром. | Папа перенес инсульт, реабилитация затянулась, а меня уже перед выбором поставили, что уволят, если отпуск еще затянется. Решила, что зарплату терять нельзя и решилась на проживание в пансионате. Разместили в просторной комнате, питание диетическое. Много занятий, упражнений. Прогресс, хоть небольшой но заметен. Пока мы договорились на три месяца, дальше по обстоятельствам. | Мой дедушка всегда был настоящим заводилой, бойцом - на него вся семья смотрела с восхищением. Но потом случился инсульт, и восстановление пошло тяжелее, чем мы думали. Он злился на нас, потому что не хотел казаться слабым перед близкими. И вот Теплые беседы стали для нас настоящим спасением. Ему там психологически проще, а мы спокойны, что он под присмотром. | За безопасность отдельное спасибо. Двери с блокировкой, видеонаблюдение круглосуточное, персонал внимательный, никто не уходит незамеченным. Можно не переживать. А то после трех побегов (два из дома и последнего из больницы !!в одном белье!!) я спать не могла уже. | Наша бабушка самостоятельно решила переехать в пансионат, мы ее даже отговаривали. Не знаю, где конкретно ей про реутовский рассказали, но четко потребовала именно туда, помогли только с оформлением и переездом. Она всю жизнь проработала начальником, возможно, ей не хочется показывать перед по сути посторонними людьми свою немощность. А там она все-таки чувствует себя клиентом, который оплачивает услугу и может что-то требовать. Не знаю, что ее сподвигло, но условия действительно неплохие. Мы ре | Бабушка у нас сама попросилась в пансионат. У нее подругу родственники устроили, и она прямо загорелась идеей. Подумали и согласились, к нам она все равно переезжать отказывается. Бабушка в пансионате с марта этого года, отзывается с восторгом. Уход отличный, за что отдельное спасибо сиделкам. Регулярно проводят ЛФК, она также старается больше гулять. Мы с бабушкой довольны пансионатом. | У нас бабушка сама просилась в пансионат. У нее знакомая из Самары в свое время переехала в подобное заведение, они постоянно созванивались, той очень нравилось. Потому что дома постоянный шум, дети, собака. А в пансионате хотя бы тишина и соответствующие развлечения. Они весь карантин прообщались по скайпу. А когда у бабушки совсем с ногами плохо стало, что она почти перестала выходить, сама эту тему завела, что переехать бы. Наверно так лучше. Нам дороговато, конечно, но стараемся. Ей нравится | В этот раз оформили уже на постоянку, предоплата за год получается прилично выгоднее. До этого оплачивали помесячно, мама привыкла, все нормально.",18,5
"Опека, пансионат Опека Щукинский","улица Габричевского, 5 к10",4.9,29,Дома престарелых,55.815441,37.455045,"5-местное: 5 100 ₽ | 4-местное: 5 750 ₽ | 3-местное: 6 500 ₽ | 2-местное: 7 700 ₽ | 1-местное: 11 700 ₽ | 1-местное Комфорт: 13 000 ₽ | 1-местное ""Всё включено"": 18 200 ₽ | Восстановление после инсульта: 11 000 ₽ | АВП для пациентов с хронической сердечной недостаточностью: 11 000 ₽ | АВП для пациентов с когнитивными нарушениями: 11 000 ₽ | Паллиативная помощь и выхаживание: 11 000 ₽ | Программа восстановительного лечения: 11 000 ₽ | Восстановление после перелома шейки бедра: 11 000 ₽",15,"Мама 89 лет, живёт в «Щукинском» полгода. Перевезли, потому что стала терять память, оставлять одну было опасно. Здесь она в безопасности, под круглосуточным присмотром. Очень благодарна медсёстрам - они такие тёплые, заботливые, всегда найдут подход, даже когда мама капризничает. Повара готовят вкусно, мама ест с удовольствием, хотя дома приходилось уговаривать. Врач Федянина Наталья Адольфовна внимательно следит за состоянием, на все вопросы отвечает подробно. Управляющая всё организует чётко. | Бабушка 89 лет, стала терять память, перестала узнавать родных. Мы не могли оставлять её одну. В пансионате она в безопасности, за ней ухаживают, кормят, поят. Мы приезжаем каждые выходные. Бабушка нас не узнаёт, но улыбается и радуется. Главное, что она спокойна и ухожена. Спасибо вам огромное. | Долго не могли найти место, где согласились бы взять бабушку с болезнью Альцгеймера. Многие отказывались, говорили, что сложно. Здесь взяли и окружили таким теплом, что мы просто счастливы. За бабушкой наблюдают врачи, её не обижают, вовремя кормят, следят за гигиеной. Отдельное спасибо за тёплое отношение. чувствуется, что люди работают не из-за денег, а по призванию. | Очень пожалела, что обратилась в это ужасное заведение. Здесь за деньги гробят людей!
Хотите побыстрее избавиться от своих больных родных, обращайтесь в эту опеку!
В приоритете у них только деньги!
За 21 день муж сильно похудел , держали впроголодь, чтобы не менять часто памперсы , за этот период помыли один раз, от грязи заработал гангрену ноги, , после этой опеки сразу попал в госпиталь, предстоит ампутация пальцев ноги, а может и стопы. Не ведитесь на положительные отзывы, плохие убирают! | Сам привез бабушку в пансионат ей 92, плохо ходит, еще и диабет. Я на работе весь день, а дома обеспечить нужный уход невозможно. Здесь же полный контроль сахара, уколы по расписанию, еда по диете. И она, представляете, стала лучше себя чувствовать, даже просит привезти вязание. | Устроили маму после больницы она перенесла тяжелую операцию на кишечнике. Дома было бы тяжело с уходом, поэтому выбрали пансионат. Очень довольны условиями. Круглосуточно рядом медики, диетическое питание, чистота. А главное нет равнодушия. Каждый день звонят, рассказывают, как она себя чувствует. 🧡 | Очень понравился подход к моему дедушке. У него деменция, и в последние месяцы дома уже не справлялись. Здесь его приняли спокойно, не осуждают, терпеливо помогают. Дед теперь стал даже улыбаться, иногда вспоминает какие-то моменты. Питание ему подходит, спит спокойно. Видно, что о нем заботятся) Сиделки вовремя реагируют на все) | Нашли место для бабушки на короткий срок, пока мы уезжали. Пансионат оказался очень уютным, персонал отзывчивый. Даже после нашего возвращения бабушка решила остаться там говорит, ей комфортнее среди людей, чем одной в квартире. Теперь навещаем ее, и видим, как она посвежела. | Папа после инсульта речь нарушена, движения слабые. В пансионате сделали все возможное, чтобы он начал заново учиться говорить. Ходит на занятия с логопедом, много гуляет. Медсестры терпеливые, не торопят, все объясняют. Сейчас стал увереннее, хотя еще долго восстанавливаться. Спасибо, что помогаете не сдаваться. | Обратилась сюда по совету подруги, у которой бабушка жила в этом пансионате после перелома. У нас похожая ситуация была мама упала, сломала шейку бедра. Нам сразу предложили реабилитацию с персональным подходом, врачи достойные правда, грамотно лечат. Сейчас уже встает на ходунки, хотя еще недавно была полностью лежачей. Питание вкусное, к маме всегда кто-то заглядывает. Я спокойна. | Обратилась сюда по рекомендации сестры - у нее бабушка мужа здесь жила достаточно долго. И вот теперь здесь живет наша с ней бабушка, так как увы она теперь лежачий больной. Сами мы уход за ней не потянули бы из-за работы, а здесь о ней заботятся как надо. | Все неплохо в целом, хотя я изначально сомневался, когда жена предложила мою бабушку туда определить вместо того, чтобы забрать ее к нам домой. Но у нее был уже опыт ухода за лежачим больным, это трудно, и я доверился. Пока что не жалеем, нас устраивает качество оказания услуг. | Изначально дедушка здесь жил в формате дневного пребывания, но болезнь стала забирать больше сил, и мы приняли решение о переходе на полный день. По цене все еще доступно, но мы спокойны - присмотр очень качественный, персонал всегда идет навстречу, дедушка ни разу ничего плохого не сказал ни про одного сотрудника, даже наоборот - хвалит периодически, хотя мы особо его не спрашиваем об этом сейчас. | Условия отличные для такого ценника - он не самый маленький, но и не огромный, соответствует всем моим требованиям. Нравится, что сиделок много по ощущениям - дедушка не остается без присмотра, это для меня тоже очень важно. Руководство тоже приятное, на все вопросы без проблем отвечает всегда | Обращались по поводу восстановления после перелома. Рекомендовал врач. Бабушке 96 лет, на минуточку, плюс есть проблемы с соединительной тканью в силу возраста и здоровья. Восстановление прошло успешно, бабушка снова на ногах! Результат получили в обещанные сроки, это очень здорово, что есть такие специалисты! По ценам не дешево, но надо понимать, что индивидуальные реабилитологи с нас больше запрашивали, вот и думайте.",11,8
"Опека Алтуфьевский, пансионат","улица Лескова, 6Б",4.8,27,Дома престарелых,55.896795,37.593452,"5-местное: 5 100 ₽ | 4-местное: 5 750 ₽ | 3-местное: 6 500 ₽ | 2-местное: 7 700 ₽ | 1-местное: 11 700 ₽ | 1-местное Комфорт: 13 000 ₽ | 1-местное ""Всё включено"": 18 200 ₽ | Восстановление после инсульта: 11 000 ₽ | АВП для пациентов с хронической сердечной недостаточностью: 11 000 ₽ | АВП для пациентов с когнитивными нарушениями: 11 000 ₽ | Паллиативная помощь и выхаживание: 11 000 ₽ | Программа восстановительного лечения: 11 000 ₽ | Восстановление после перелома шейки бедра: 11 000 ₽",15,"Живу в другом городе, а бабушка в пансионате. Всегда могу позвонить, узнать, как она, что ела, что делала. Ни разу не пожалела, что выбрали именно это место. Здесь о ней заботятся. Еще и кормят очень вкусно😋 Поварам спасибо | После смерти бабушки дедушка очень замкнулся. Мы думали, как бы его поддержать. Пансионат стал для него как новый этап у него появились друзья, он играет в шахматы, занимается гимнастикой. Психолог с ним работает, настроение заметно улучшилось. | Очень помогла патронажная служба. Приезжала сиделка к дедушке каждый день, пока не решили, что пора на круглосуточный уход. Сначала было страшно доверить чужим, а теперь сами рекомендуем друзьям. Уход отличный, питание сбалансированное, дед спокоен 😊 | Тётя здесь уже 9 месяцев. У неё проблемы с сердцем и диабет, нужна постоянная диета, контроль сахара. Всё соблюдается, никаких срывов. Комната у неё уютная, не общежитие, а как в доме отдыха. | После перелома шейки бедра у тёщи были осложнения. Выбрали этот пансионат из-за наличия врачей и круглосуточного ухода. Персонал опытный, даже в тяжёлых ситуациях не теряется. Очень внимательные сиделки, врачи грамотные Сейчас она уже садится, начал возвращаться аппетит. 🙌 | Сестра оформила бабушку в пансионат временно, пока была в командировке. Нам всё понравилось и еда, и досуг, и комнаты, и атмосфера. Теперь подумываем оставить её здесь на постоянку, ей там правда хорошо. | Изначально пользовался Умной Опекой, а когда дедушке стало совсем трудно передвигаться самостоятельно, предложил ему переехать ко мне. Он отказался конечно же, так как не хочет жить, цитирую, “в клетке на 19 этаже”)) Опека стала отличной альтернативой - я знаю, что все в порядке, дед под присмотром, а он не сидит в клетке) Гулять ходит, общается, сиделки рядом - всегда могут помочь без проблем. | У меня в целом претензий нет, минус только один - что не сразу поселили в отдельную палату, как мы и хотели. Но тут на самом деле все просто, мест не было, а в другом пансионате нам было бы неудобно посещать бабушку. Но через буквально 1,5 месяца смогли выделить палату по запросу, все хорошо. | Все хорошо, у нас непростой случай - у бабушки деменция, затем еще и инсульт случился. Комбо собрали( Но о ней здесь заботятся хорошо, это видно по ее состоянию. От всей души рекомендую | Друзья достаточно долго отговаривали меня от пансионата, мол, как ты можешь бабушку сюда сдать. Но конечно никто мне не советовал совмещать тяжелую работу с уходом за лежачей бабушкой. Отдавал конечно с чувством вины, но теперь вижу, что нам обоим так лучше. | Я так рада, что такое сейчас есть! Помнится, когда была еще ребенком, такого сервиса для пожилых не было - помню отлично, как родители пытались найти пансионат для прадедушки, и не могли. А сейчас такой сервис! Опека в этом плане впереди многих. Приятно общаться с ними, понимаешь, что есть все необходимые услуги, есть медицинская помощь. | Надеялась, что получится бабушку забрать к себе, но решили с мужем разводиться, началась дележка имущества, стресс, сами понимаете - нервов хватало, и бабушку в такую обстановку просто не было смысла забирать. Но одной ей было уже тяжело, предложила Опеку на время моих разборок с мужем. В итоге я развелась, купила себе отдельную просторную квартиру, а бабуля сказала, что в общем-то и не хочет, ей и в Опеке хорошо. Вот вам и отзыв) | Переживала из-за пролежней, что могли бы случиться, если я доверю бабушку свою пансионату, но слава богу все в порядке, вот уже полгода как все хорошо. | Изначально Опека подбирала нам сиделку- в патронажную службу обращалась. На тот момент дедушке требовалась просто небольшая помощь. Но возраст взял свое, и вот уже мы поняли, что он просто не в состоянии заботиться о себе, помощь нужна круглосуточная. Решили обратиться в пансионат. Вот уже четыре месяца дедушка здесь живет, и это лучшее решение - он доволен и говорит, что о нем хорошо заботятся, а мы спокойны за него. | От всей души благодарю ваших реабилитологов, дважды поставили дедушку на ноги после инсульта. Честно говоря, во второй раз я даже не надеялся на нормальный результат, просто хотел хотя бы относительно восстановить его состояние. В итоге дедушка сам ходит, с горем пополам, но сам, ухаживает за собой, еще и говорит понятно. Это успех!",13,3
"Идиллия, пансионат для пожилых людей","Большая Филёвская улица, 11",4.9,26,Дома престарелых,55.748984,37.502041,,15,"Размещали в Идиллии отца после инфаркта. Выбирали именно центр с медицинской лицензией и наличием реабилитационых программ. Здесь очень сильная команда врачей: кардиолог, терапевт, реабилитолог работали в связке. Папа не только восстановился физически, но и морально, помогли психологи. Цена, конечно, выше, чем в Подмосковье, но оно того стоит: своя территория в парке, идеальная чистота, папа жил в уютной одноместной комнате. За его состоянием круглосуточно следили. Для нас, детей, главное - спок | Поначалу хотели отложить поездку на праздники, потому что у нас бабуля 89 лет. Она еще молодцом, на ходу как говорится, но присмотр нужен. Друзья, с которыми мы должны были ехать, рассказали нам про медицинский центр Идиллия. Мы заранее туда съездили, все посмотрели, благо локация удобная. Условия проживания в центре вполне комфортные. Главврач, мед и другой персонал произвели благоприятное впечатление. Главное ежедневный уход, контроль давления, сахара, прием лекарств. Комната на одного, тревож | Перелом шейки бедра в 85 лет у бабушки. Мы с мамой если честно, думали что это уже приговор. На операцию её не взяли, полежала в больнице и выписали домой. Хорошо что мужу посоветовали этот пансионат! В Идиллии нашу бабулю буквально поставили на ноги! Когда привезли её, общались с врачом реабилитологом, они нам рассказали как будет проходить реабилитация. Заниматься с бабулей начали сразу, как перевезли ее из больницы. Занятия в зале ЛФК были два раза в день, присылали нам видео - мы не верили с | У мамы деменция. Прогрессирует достаточно быстро. Я работаю и не могу обеспечить ей постоянный присмотр. Поэтому с мужем решили найти хороший пансионат для мамы, чтобы она была под присмотром. По совету знакомых обратились в пансионат Идиллия. Здесь все понравилось с первого раза. Отличное месторасположение на западе Москвы, мы можем навещать маму на выходных. Хорошие номера оборудованные всем необходимым. Шестиразовое питание и развлекательные программы. А самое главное постоянный присмотр, осм | Отцу требовался особый уход после инсульта. Выбрали Идиллию, потому что здесь нам предложили полноценную программу реабилитации именно при неврологических заболеваниях, общались с главным врачом, Евгением Николаевичем, он сам доктор с большим опытом, рассказал нам всё от и до про пансионат, проживание, реабилитации. Прекрасная организация: от заселения до выписки всё четко. С отцом постоянно работала целая команда врачей и других специалистов, логопед, психолог. Поначалу папа жаловался на питани | Огромная благодарность коллективу пансионата «Идиллия» за их высокопрофессиональный подход под руководством Василия Евгеньевича Покровского! Внимательное отношение, терпение, чуткость и заботу коллектив проявлял М.Ф. Благодарю инструктора ЛФК Максима Владимировича, массажиста Максима, Алину, Андрея, Инну, доктора Екатерину Алексеевну, психолога Фариду, чуткого, внимательного отзывчивого человека, Евгению, Наталью за оперативные решения всех вопросов | Огромная благодарность коллективу пансионата «Идиллия» за их высокопрофессиональный подход под руководством Василия Евгеньевича Покровского! Внимательное отношение, терпение, чуткость и заботу коллектив проявлял М.Ф. Благодарю инструктора ЛФК Максима Владимировича, массажиста Максима, Алину, Андрея, Инну, доктора Екатерину Алексеевну, психолога Фариду, чуткого, внимательного отзывчивого человека, Евгению, Наталью за оперативные решения всех вопросов | Лучшее место для пожилых людей! Отзывчивые добрые сестры, сиделочки. Насыщенная программа, прекрасное питание. Всего 2,5 недели оказалось достаточно чтобы дедушка стал лучше соображать и разговаривать при болезни Альцгеймера. Большая благодарность врачу Альфие Рашидовне и медсестре Изабелле! И, конечно, руководству, а также Лидии и Марине, присылающей прекрасные фотоотчеты! Будем рады еще оказаться у вас! | Мне довелось пройти в «Идиллии» курс реабилитации после операции по восстановлению функций шейки бедренного сустава, выполненной в больнице №31.

В ходе реализации курса были задействованы многие сотрудники Центра, представляющие различные направления деятельности (условно): медико-сервисную, лечебную физкультуру, питание пациентов. По линии медико-сервисной деятельности особо хотелось бы отметить доброжелательность и чуткость персонала, внимание к течению реабилитации, профессионализм и монитор | Я, Копытова Галина Ивановна, благодарю коллектив пансионата «Идиллия» за высокий профессионализм в работе, за теплое, заботливое отношение к резидентам. Мы чувствуем заботу, внимание, понимание. Нам здесь уютно, созданы домашняя обстановка, заботливый уход, вкусное питание, интересный досуг.
В общем, мне все очень-очень понравилось. Приеду еще обязательно и порекомендую друзьям и знакомым. Спасибо большое, большое, и так держать! | «Я, Ираида Владимировна Квижинадзе – Заслуженная актриса Грузинской ССР, т.е. Грузии, хочу выразить признательность персоналу пансионата «Идиллия» за внимательное, добросовестное отношение к своим клиентам, за понимание, терпение и великодушие. Хочу особо отметить всю команду реабилитологов во главе строгого, но удивительного Максима Владимировича, а также Димочку, Андрея и Инночку. Спасибо, Спасибо!

А также психолога Фариду за участие и понимание. Хочу от души сказать спасибо за внимательное о | Ужасное место. Берегите своих близких.
Из плюсов: красивый ресепшен, приветливый персонал.
В остальном одни минусы:
1. Не пускают к проживающим! Если Вы хотите повидать своего родственника, то это будет не просто, надо прийти на ресепшен, оформить заявку и его выведут в комнату свиданий! А Вам надо сделать тест на ковид, на красивом ресепшен он стоит 2500т.
В палаты родственникам вход запрещен (говорят ради сохранения стерильности, но не сложно догадаться какую выгоду преследует пансионат)
2. До | В пансионате проходила реабилитацию мама, 80 лет, после перелома шейки бедра. За 21 день маму научили ходить с палкой и с ходулями, ЛФК на хорошем высоком уровне, насколько я поняла из рассказов мамы, все тренера внимательные и отзывчивые. Есть неплохой уход за лежачими. Есть особенность - внутрь не пускают родственников, только если на прогулку, обязателен тест на ковид (покупали свои, так дешевле).
Менеджер Анастасия всегда была на связи и всегда отвечала на все вопросы.
Но как и везде присутс | Я находилась в пансионате «Идиллия» с 24.07 по 31.07.22 г. Хочу выразить благодарность Светлане Васиной (из обслуживающего персонала) за благожелательность, доброту и прекрасное обслуживание. Хочу сказать большое спасибо психологу Светлане Эдгардовне за внимание, за понимание, что доброе слово порою лечит лучше всяких препаратов. Спасибо! | Спасибо Идиллии! Пробыла на реабилитации три недели, очень довольна. Весь персонал очень внимателен и относились ко мне пониманием. А отдельно хочу сказать спасибо инструкторам ЛФК Антону Семенову, Марату Галимрянову. Поставили меня на ноги, были терпимы и профессиональны. Огромное всем спасибо!",32,3
"Опека, Пансионат Опека Красногорский","Ивановское деревня, вл1 ст3",4.9,21,Дома престарелых,55.810654,37.300893,"5-местное: 5 100 ₽ | 4-местное: 5 750 ₽ | 3-местное: 6 500 ₽ | 2-местное: 7 700 ₽ | 1-местное: 11 700 ₽ | 1-местное Комфорт: 13 000 ₽ | 1-местное ""Всё включено"": 18 200 ₽ | Восстановление после инсульта: 11 000 ₽ | АВП для пациентов с хронической сердечной недостаточностью: 11 000 ₽ | АВП для пациентов с когнитивными нарушениями: 11 000 ₽ | Паллиативная помощь и выхаживание: 11 000 ₽ | Программа восстановительного лечения: 11 000 ₽ | Восстановление после перелома шейки бедра: 11 000 ₽",15,"Отца поселили в пансионат после инсульта. Первое время думали только на пару недель, а он просит остаться. Там и компания, и режим, и врачи рядом. Питается по диете, давление стабилизировалось. Говорит, чувствует себя нужным, а не обузой. Это многого стоит. | Бабушку с деменцией разместили сюда три месяца назад. Долго переживали, что она не адаптируется, но зря. С ней занимается психолог, водят на прогулки, читают газеты вслух и она будто ожила. Удивительно, как доброта и терпение творят чудеса. А главное там безопасно, никуда не убежит, охрана, видеонаблюдение. | Привозили тестя на восстановление после замены тазобедренного сустава. Очень достойное место. За три недели он начал ходить с палочкой, благодаря ЛФК и внимательному персоналу. Он такой упрямый, но даже он признал, что уход на высоте. Отдельное спасибо за качественное питание сам ел, говорит, вкуснее, чем в больнице)) Повара отличные тут | Моя мама уже полгода живёт в пансионате, ей 81, у неё болезнь Паркинсона, дома одной с ней было тяжело, и мы решились на такой шаг. Сейчас я вижу, как ей стало спокойнее, она не падает, ест с аппетитом и даже подружилась с соседкой по комнате. Уютно, чисто, нянечки очень вежливые. Приезжаю каждые выходные и вижу, что мама улыбается, значит, всё правильно сделали) | Сразу скажу - я в целом довольна, звезду снимаю не из-за того, что что-то кардинально не понравилось. Мы просто хотели одноместную комнату, так как бабушке так больше хотелось, а их не было и было непонятно, когда сможем получить. Поэтому решили сначала определить ее в двухместную комнату, но уже через 2 месяца получили желаемый вариант. В остальном все супер - я очень довольна соотношением цены и качества, и персонал меня полностью устраивает | Я полгода сомневалась, прежде, чем привезти сюда дедушку хотя бы на экскурсию - у нас в семье я первая решила доверить лежачего больного специалистам. Мама за бабушкой например 9 лет ухаживала, и это очень непросто надо сказать. Не хотелось убивать свою жизнь на это, тем более есть пансионат со специалистами. Изначально я доставала всех контролем, переживала за пролежни больше всего, чтоб подгузник меняли вовремя, приводили в порядок. Сейчас восьмой месяц проживания дедушки здесь пошел, никаких  | Очень приятно находиться внутри - ни посторонних запахов, ни тянущей атмосферы - по ощущениям на каникулы приехал, просто пожилые люди вокруг. Честно, я бы и сам тут пожил - отдохнуть наконец-то))) | У меня здесь престарелый дядя живет - у него сын погиб, кроме меня никого не осталось. Слег после инсульта, здесь получает качественную помощь - могу отметить, что дядя всегда опрятно одет, даже если я внезапно приезжаю, все отлично | Бабушка проживает здесь с марта прошлого года, домой не собирается. Думаю, это очень показательно - вот насколько ей здесь все нравится. Ну а нам главное чтобы ей было комфортно | Очень приятное место, неожиданно приятное я бы сказала. Больше всего радует, что все-все устроено для пожилых - не нужно бегать по этажам например, все нужное есть на одном этаже, и это очень удобно. Сама проверяла) Бабушка у меня с костылем ходит, и ей лишние маневры вообще ни к чему. | Очень нравится пансионат, за исключением разве что территории - все-таки бабушка здесь на постоянном проживании, нужно много места для прогулок. Но тем не менее территория ухожена, а в целом по досугу есть и развлечения, плюс у бабушки здесь появились подруги - она не одинока и всегда находит, чем заняться. Это самое главное. Ценник кусается, но я бы сказал, что это малая цена спокойствия. Я работаю и не думаю, что вот бабушка упала например и лежит без помощи, в Опеке она в безопасности. | В общем и целом мне Опека понравилась - тут очень многие моменты предусмотрены, вплоть до того, что все на одном этаже расположено. Сиделок много, все показались адекватными, есть медики опять же и спецпрограммы для восстановления. Но у меня папа после инсульта все равно не полностью восстановился - это конечно скорее всего из-за того, что не сразу поняли, что инсульт, время потеряли, но так хотелось верить в чудо. | Довольна своим выбором, сомневалась долго, выбирать Опеку или нет, но в итоге не жалею. Сначала папа пожил здесь месяц, потом еще на месяц продлили проживание и поняли, что его в общем-то все устраивает и нам спокойно. Там весело, есть с кем пообщаться, есть медики если что, все-таки возраст уже приличный. | Узнала об Опеке случайно, но очень этому рада, потому что теперь не переживаю, что папа не берет трубку, мозг не рисует страшные картинки, что он упал и голову себе разбил. Теперь он под присмотром высококлассных специалистов Опеки. | Отличный пансионат с круглосуточным наблюдением по сути. Мне нравится, что сиделки со знанием своих обязанностей, набирают явно со знанием дела их, не кого попало с улицы. Улыбчивые, шустрые такие, как пчелки. Из того, что особенно ценно - отношение руководства. На все вопросы готовы ответить и без проблем могут прислать фото или видео.",14,2
"Академия Долголетия, пансионат для пожилых людей","Бирюлёвская улица, 12 к3",4.3,17,Дома престарелых,55.59896,37.657946,Медицинская перевозка: 3 000 ₽,15,"Академия Долгоелетия худший пансионат! Не размещайте здесь родственников в ясном уме.

Если ваш пожилой родственник сохранил ясность сознания - это место для него категорически не подходит. Наш дедушка стал свидетелем невыносимых условий: агрессивные постояльцы, антисанитария, когда человек испражнялся прямо в палате и размазывал это.

Обман с финансами. Менеджер на этапе заключения договора озвучил одну стоимость, а в итоге при расчете предъявили счет на 15 000 рублей в месяц больше. Нам завери | В пансионате метро Аэропорт хочу отметить сиделку Нину (1 этаж).
Замечательная сиделка, именно такая, которая должна быть в этой профессии.
Отзывчивая, добрая, выдержанная, спокойная, тихая, улыбчивая , никогда не слышала, чтобы она повышала голос на кого-либо.
Таких сиделок побольше и жизнь в пансионате станет краше!
Спасибо , Нина и спасибо пансионату, что нашли такого человека!
Паскаль Е.Ю. | Грубое и хамское отношение персонала к пожилым людям, грязь, уход не осуществляют. Отдала ходячую маму, забрала в опрелостях и пролежнях. Почти за 2 мес не мыли ни разу!
Вам будут рассказывать, что ваш родственник сам ничего не хочет, у него тяжелый характер и он все врет. Учтите, что врет именно персонал, им собачку или кошечку нельзя доверять, не то что людей! | Академия Долголетия — это поистине уникальное место для пожилых людей, расположенное в тихом зелёном районе недалеко от центра Москвы. Здесь создана атмосфера тепла и заботы, которая ощущается с первых минут. Особо хочется отметить безупречную чистоту, поддерживаемую в пансионате, что крайне важно для здоровья и комфорта проживающих. Питание здесь — не только вкусное, но и тщательно сбалансированное, с учётом всех возрастных потребностей.

Особую благодарность хочу выразить замечательной команде | Украли почти все вещи!!!
Моя родственница проживала в пансионате с апреля 2022г. по 1 мая 2024 г. а потом её перевели в Сходню, как неходячую. это ужасно сказалось на состоянии 91летней бабушки, ей стало плохо от перемены обстановки. но! самое ужасное то, что украли почти все её вещи на Аэропорте и перевезли с какими-то чужими пожитками...я просто в шоке и ничего не могу добиться от управляющей!!! | Очень приличное место. Тихо, ухоженный двор, внутри очень симпатично. А главное, правильный режим дня, хорошая еда, прогулки, уход и правильно подобранные лекарства сделали своё благое дело - за время пребывания в пансионате мама стала гораздо стабильнее и спокойнее себя чувствовать. Да и мы вместе с ней. | Если хотите,чтобы Ваш пожилой родственник проживал в чистоте и комфорте,вкусно кушал,вовремя принимал лекарства ,весело проводил досуг,то Вам надо поселить его в пансионат ""Академия Долголетия ""на метро Аэропорт. Наш дядя проживает длительное время в этом пансионате, всем доволен.Спасибо большое всему персоналу за заботу и тепло,которое они дарят нашим родным. | Добрый день!Хотелось бы выразить слова благодарности за доставленную заботу,поддержку в сторону моей пожилой тёти в пансионате ,,Академия долголетия"" на метро Аэропорт!Если вы желаете ,что бы ваш пожилой родственник всегда находился во внимании ,тепле и уюте,вовремя принимал необходимые лекарства ,то поселяйте его в ,,Академию Долголетия"",я уверена ,что ему ,как и моей тёте очень понравится !Отдельные слова благодарности хочется высказать замечательному персоналу, который так внимательно ищет к  | Низкий поклон всему персоналу пансионата Аэропорт! Мы объехали не один пансионат, чтобы найти место, где не только обеспечивают уход, но и проводятся занятия для больных с деменцией, а также где, есть место для прогулок. Пансионат расположен в здании бывшего детского сада, вокруг которого приличная территория, скамейки и беседка. Комнаты просторные, чистые и реально уютные, даже многоместные. Питание сама не пробовала, но мама оч хвалила. Моя мама была в пансионате месяц (июль). Первую неделю, к | Очень долго выбирала пансионат, поскольку очень тяжело доверить близкого человека чужим людям. Моей тете, Валентине Ивановне 82 года, она находится в данном пансионате. Когда бы я не приехала, она всегда ухоженная, накормленная + находиться под наблюдением врача. С ними проводят Коррекционные занятия, упражнения. Все можно посмотреть в телеграм канале. Хочу выразить огромную благодарность всему коллективу «Академии долголетия» метро Аэропорт. | Наш 96-летний дедушка проживает в пансионате ""Академия долголетия аэропорт"" уже почти год.
За это время с ним произошли существенные изменения. Теперь он ходит прямо, без посторонней помощи, нормализовался сон, аппетит, стул и т.д.
Все это благодаря заботливому, чуткому отношению персонала: неравнодушной Юлии Алексеевне, улыбчивой Марине, квалифицированному медперсоналу, поварам- мастерам своего дела.
Отдельное спасибо за поддержку телеграмм-канала, где мы каждый день можем видеть фото и видео с | Огромная благодарность пансионату! Очень дружелюбно встретили, все подробно рассказали и показали! Замечательное место для проживания в комфортных условиях. Красивый дизайн, все функционально сделано! Гуляют, поддерживают развивающими занятиями, разнообразно кормят👍 Рекомендую👍 | У них очень развитая инфраструктура, сразу видно, что это сетевой пансионат и тут есть свои стандарты качества обслуживания клиентов. Моя мама у них постоянно под присмотром, созданы все самые лучшие удобства. Услуг очень много. | Разместил в этом пансионате своих родителей, боялся, что им не понравится, маму у меня еще там привереда, привыкла к очень хорошим условиям. Но тут и внимание постоянное и обслуживание хорошее, да и питание родители хвалят. | У меня всегда были плохие ассоциации с пансионатами для пожилых. Но сложилась такая ситуация, что мы были вынуждены заселить бабушку в подобный пансионат. И не из-за того, что мы просто хотели от нее избавиться, просто другого выбора не было. Бабушка пережила инфаркт, когда ее выписали из больницы, за ней требовался тщательный уход: контроль приема лекарств, разминки, прием пищи и т.д. Из-за работы, мы с женой не могли всего этого обеспечить, а других родственников у бабули и нет. Решено было за",21,6
"Академия Долголетия, пансионат для пожилых людей","улица Коккинаки, 3",4.3,17,Дома престарелых,55.804553,37.544598,,15,"Академия Долгоелетия худший пансионат! Не размещайте здесь родственников в ясном уме.

Если ваш пожилой родственник сохранил ясность сознания - это место для него категорически не подходит. Наш дедушка стал свидетелем невыносимых условий: агрессивные постояльцы, антисанитария, когда человек испражнялся прямо в палате и размазывал это.

Обман с финансами. Менеджер на этапе заключения договора озвучил одну стоимость, а в итоге при расчете предъявили счет на 15 000 рублей в месяц больше. Нам завери | В пансионате метро Аэропорт хочу отметить сиделку Нину (1 этаж).
Замечательная сиделка, именно такая, которая должна быть в этой профессии.
Отзывчивая, добрая, выдержанная, спокойная, тихая, улыбчивая , никогда не слышала, чтобы она повышала голос на кого-либо.
Таких сиделок побольше и жизнь в пансионате станет краше!
Спасибо , Нина и спасибо пансионату, что нашли такого человека!
Паскаль Е.Ю. | Грубое и хамское отношение персонала к пожилым людям, грязь, уход не осуществляют. Отдала ходячую маму, забрала в опрелостях и пролежнях. Почти за 2 мес не мыли ни разу!
Вам будут рассказывать, что ваш родственник сам ничего не хочет, у него тяжелый характер и он все врет. Учтите, что врет именно персонал, им собачку или кошечку нельзя доверять, не то что людей! | Академия Долголетия — это поистине уникальное место для пожилых людей, расположенное в тихом зелёном районе недалеко от центра Москвы. Здесь создана атмосфера тепла и заботы, которая ощущается с первых минут. Особо хочется отметить безупречную чистоту, поддерживаемую в пансионате, что крайне важно для здоровья и комфорта проживающих. Питание здесь — не только вкусное, но и тщательно сбалансированное, с учётом всех возрастных потребностей.

Особую благодарность хочу выразить замечательной команде | Украли почти все вещи!!!
Моя родственница проживала в пансионате с апреля 2022г. по 1 мая 2024 г. а потом её перевели в Сходню, как неходячую. это ужасно сказалось на состоянии 91летней бабушки, ей стало плохо от перемены обстановки. но! самое ужасное то, что украли почти все её вещи на Аэропорте и перевезли с какими-то чужими пожитками...я просто в шоке и ничего не могу добиться от управляющей!!! | Очень приличное место. Тихо, ухоженный двор, внутри очень симпатично. А главное, правильный режим дня, хорошая еда, прогулки, уход и правильно подобранные лекарства сделали своё благое дело - за время пребывания в пансионате мама стала гораздо стабильнее и спокойнее себя чувствовать. Да и мы вместе с ней. | Если хотите,чтобы Ваш пожилой родственник проживал в чистоте и комфорте,вкусно кушал,вовремя принимал лекарства ,весело проводил досуг,то Вам надо поселить его в пансионат ""Академия Долголетия ""на метро Аэропорт. Наш дядя проживает длительное время в этом пансионате, всем доволен.Спасибо большое всему персоналу за заботу и тепло,которое они дарят нашим родным. | Добрый день!Хотелось бы выразить слова благодарности за доставленную заботу,поддержку в сторону моей пожилой тёти в пансионате ,,Академия долголетия"" на метро Аэропорт!Если вы желаете ,что бы ваш пожилой родственник всегда находился во внимании ,тепле и уюте,вовремя принимал необходимые лекарства ,то поселяйте его в ,,Академию Долголетия"",я уверена ,что ему ,как и моей тёте очень понравится !Отдельные слова благодарности хочется высказать замечательному персоналу, который так внимательно ищет к  | Низкий поклон всему персоналу пансионата Аэропорт! Мы объехали не один пансионат, чтобы найти место, где не только обеспечивают уход, но и проводятся занятия для больных с деменцией, а также где, есть место для прогулок. Пансионат расположен в здании бывшего детского сада, вокруг которого приличная территория, скамейки и беседка. Комнаты просторные, чистые и реально уютные, даже многоместные. Питание сама не пробовала, но мама оч хвалила. Моя мама была в пансионате месяц (июль). Первую неделю, к | Очень долго выбирала пансионат, поскольку очень тяжело доверить близкого человека чужим людям. Моей тете, Валентине Ивановне 82 года, она находится в данном пансионате. Когда бы я не приехала, она всегда ухоженная, накормленная + находиться под наблюдением врача. С ними проводят Коррекционные занятия, упражнения. Все можно посмотреть в телеграм канале. Хочу выразить огромную благодарность всему коллективу «Академии долголетия» метро Аэропорт. | Наш 96-летний дедушка проживает в пансионате ""Академия долголетия аэропорт"" уже почти год.
За это время с ним произошли существенные изменения. Теперь он ходит прямо, без посторонней помощи, нормализовался сон, аппетит, стул и т.д.
Все это благодаря заботливому, чуткому отношению персонала: неравнодушной Юлии Алексеевне, улыбчивой Марине, квалифицированному медперсоналу, поварам- мастерам своего дела.
Отдельное спасибо за поддержку телеграмм-канала, где мы каждый день можем видеть фото и видео с | Огромная благодарность пансионату! Очень дружелюбно встретили, все подробно рассказали и показали! Замечательное место для проживания в комфортных условиях. Красивый дизайн, все функционально сделано! Гуляют, поддерживают развивающими занятиями, разнообразно кормят👍 Рекомендую👍 | У них очень развитая инфраструктура, сразу видно, что это сетевой пансионат и тут есть свои стандарты качества обслуживания клиентов. Моя мама у них постоянно под присмотром, созданы все самые лучшие удобства. Услуг очень много. | Разместил в этом пансионате своих родителей, боялся, что им не понравится, маму у меня еще там привереда, привыкла к очень хорошим условиям. Но тут и внимание постоянное и обслуживание хорошее, да и питание родители хвалят. | У меня всегда были плохие ассоциации с пансионатами для пожилых. Но сложилась такая ситуация, что мы были вынуждены заселить бабушку в подобный пансионат. И не из-за того, что мы просто хотели от нее избавиться, просто другого выбора не было. Бабушка пережила инфаркт, когда ее выписали из больницы, за ней требовался тщательный уход: контроль приема лекарств, разминки, прием пищи и т.д. Из-за работы, мы с женой не могли всего этого обеспечить, а других родственников у бабули и нет. Решено было за",21,6
"Бабушки и Дедушки, пансионат для пожилых","СНТ Круиз территория, 35",5,14,Дома престарелых,55.628288,37.459478,,11,"Хочу написать отзыв с благодарностью!
Восстанавливалась здесь наша бабушка после операции. Помимо реабилитационных процедур, она восстановилась морально, воспряла духом. Огромное спасибо сотрудникам пансионата за то что буквально вернули к жизни нашего близкого человека! | Замечательное место! Разместили в пансионате нашу бабушку несколько дней назад. Питание, гигиена, отношение, организация ухода, учёт индивидуальных потребностей - все очень предусмотрено. Персоналу низкий поклон за такой титанический труд. Сохранение человеческого достоинства в период тяжёлых болезней - благое дело. Спасибо вам большое и низкий поклон. | Выбирали пансионат для бабушки, который необходим уход в связи с возрастом. Осталась довольна персоналом, относятся с любовью, что очень важно для пожилых людей, питание, уход все полностью устроило и меня и бабушку. Цена качество соответствуют. | Хороший пансионат, здесь месяц находился наш дедушка, так как ему нужен был круглосуточный уход. Мы очень довольны, что выбрали именно этот пансионат. Специалисты хорошие, всегда окажут помощь. Сейчас дедушка дома, но часто вспоминает время, проведённое здесь. | Спасибо, что есть такие организации, что создают прекрасные , уютные условия, для пожилых людей, спасибо персоналу за ваш труд и заботу. Здоровья и процветания всему вашему коллективу, очень вам благодарна 🙏🏾 | Я работаю вахтовым методом, и на время моего отъезда отправляю бабушку в этот пансионат, уже на протяжении года. Сотрудниками очень довольна, ни разу не обидели бабушку, во всем что нужно, помогают. Отзывчивые. Помещение чистое, уютное и светлое. | Хочу выразить искреннюю благодарность коллективу пансионата за хороший уход и заботу о дедушке. Он почти оправился после инсульта и уже может самостоятельно сесть и пытается ходить. Пансионат очень хороший - уютно, чисто, тепло, хорошее питание и медицинское обслуживание. | Пользуемся услугами пансионата уже 3 года, когда уезжаем в отпуск. Работает круглый год. И я спокойна что мой отец в надежном месте, сытый, чистый . Спасибо Вам | Бабушка попала в больницу. И зная какое отношение к старикам в больнице, то решили определить ее в частный пансионат на время реабилитации, так как я и жена работаем , а днем нужен уход. Благодаря вам, бабуля быстро пошла на поправку. И мы забрали ее домой через 2 недели | У меня здесь дедушка, 90 лет. Ухаживать за ним сама не смогла - работа. А здесь ему создали все необходимые условия - и осмотр медицинский делают каждый день, и программы какие-то развлекательные проводят, и гуляют с ним на территории пансионата. Приезжаю с проверкой каждые выходные - ему нравится, даже друзей здесь обрел) | В пансионате находится моя бабуля уже год . Обратились за помощью, так как после больницы она нуждалась в уходе и заботе .Очень чисто, хорошие сделки. Все новое.Когда я навещаю её, приятно радует чистота и забота персонала. Очень хороший уход: помогает постояльцам мыться, сопровождают на прогулки. В наше время такое отношение большая редкость к сожалению.",25,0
"Доверие, пансионат для пожилых людей","Солнечная улица, 7",5,15,Дома престарелых,55.649699,37.427542,,15,"Мама живёт здесь уже полгода и говорит, что ей вполне комфортно. В пансионате уютно, чисто, вкусно кормят, за всем следят. Персонал действительно опытный и внимательный, на все вопросы и просьбы отвечают быстро, помогают по любому вопросу. | Папа всегда был привередлив в еде, но здесь он уплетает всё за обе щёки! Меню разнообразное, повара готовят с душой, особенно хвалит домашнюю выпечку. Но радует не только питание: он снова стал общаться, участвует в мероприятиях, играет в шахматы с соседями и каждый день ходит на прогулки. Чувствует себя здесь отлично, так что с выбором точно не прогадали. | Долго мучились с мыслью о пансионате для мамы после инсульта. Сначала были сомнения, думали это будет совковская больница с серыми стенами и лежащими без дела людьми. Но когда приехали в ""Доверие"", сомнения развеелись: чистый, светлый, уютный дом, с зеленой ухоженной территорией, постояльцы очень даже бодрые старички. Мама сначала была насторожена, но её быстро нашли чем занять. Сейчас приезжаем навестить, а она то на ЛФК, то она каком то концерте. Мы наконец-то можем спокойно работать, зная что | Родители уже пожилые, у каждого свои проблемы со здоровьем, которые требуют постоянного приема лекарств и наблюдения. Мне стало тяжело справляться одному, поэтому решил рассмотреть варианты пансионата. Объездил четыре места, но «Доверие» приглянулось больше остальных: чистые и просторные комнаты, большой зал для занятий, ухоженная территория вокруг дома, питание хорошее. Поэтому разместил их здесь, вместе им комфортно, чувствуют себя хорошо, меня постоянно держат в курсе их самочувствия, что оче | Сначала думали, что справимся сами. У папы после инсульта парализована одна сторона, память местами пропадает. Жена помогала, приходила сиделка, но всё равно на нас это легло как гора. Постоянная тревога, как он там один, если уехали. В «Доверии» сразу понравилось, приличный, уютный дом, сиделки опытные не суетятся, всё делают спокойно. Папу переворачивают, кормят, моют, с ним разговаривают. Думаю, это лучшее, что мы могли для него сделать. | Бабушке 87, здоровье сильно сдало, начались проблемы с памятью. Держали дома с сиделкой, но была путаница с лекарствами и бабушка сама напрягалась от чужого человека. Решили оформить в пансионат, выбрали «Доверие». Территория ухоженная, всё цивильно, нет запаха, кормят хорошо. Навещаем ее периодически, всегда чисто, аккуратно, персонал вежливый. Бабушка хоть и капризная, но уже втянулась: выходит гулять, общается, участвует в мероприятиях. Мы спокойно, что она в безопасности и под присмотром. | Я была убеждена, что нормальный уход и человеческие условия это только за большие деньги. Но в «Доверии» нам предложили варианты по бюджету и с человеческим подходом. Мы приехали, всё посмотрели аккуратно, чисто, персонал вежливый, шторки, комоды, покрывала, условия прям как в гостинице, очень комфортно. Отношение человеческое, кормят вкусно, поэтому выбрали этот вариант для размещения деда. | Казалось, что предаю маму, отдавая ее в пансионат. Воспоминания, как она за мной ухаживала в детстве, как помогала во взрослой жизни очень давили. Но потом понял: хуже будет, если я устану, сорвусь и вместо заботы будет раздражение. У мамы деменция, она не узнает людей, уходит из дома. Я просто боялся за нее. Был в нескольких пансионатах здесь понравилось, что атмосфера более живая, а не стерильные больничные палаты. Сейчас она под присмотром, чистая, спокойная, с ней разговаривают, ухаживают. Д | Отдал отца в пансионат, и теперь, когда я его навещаю, он всегда в хорошем настроении и чувствует себя гораздо лучше. Большое спасибо персоналу за тёплый приём! | Если бы мне кто-то раньше сказал, что дедушка будет жить в пансионате и будет доволен – не поверил бы. Но факт остаётся фактом... Ему хорошо- кормят, вокруг природа, товарищи, в комнате телевизор, все хорошо. Рекомендую. | Здесь царит какая-то особая атмосфера спокойствия. Моя тётя живёт в пансионате третий месяц и говорит, что чувствует себя как на даче. Персонал внимательный, не сюсюкают, но и не грубят. Очень довольны! | Место, где пожилые чувствуют себя молодыми)))Дед человек старой закалки, не признаёт технологии от слова совсем (кроме телеывизора конечно) , мобильный для него это что-то от лукавого. Поэтому сидел дома затворником, ни друзей ни общения. А тут начались проблемы с давлением. Уговорили его на пансионат, чтобы было кому за ним приглядывать хотя бы. Тут стал практически другим человеком, обзавелся товарищами, стал общительнее. Намного веселее ему в компании, да и сиделки всегда строго следят за при | Мама долго отказывалась от переезда в Доверие, но как только увидела комнаты и познакомилась с персоналом и обитателями на экскурсии, всё-таки согласилась. Сейчас звоню ей, а она рассказывает, как ходила на занятия ЛФК или пела на вечере. Теперь ей хоть не скучно и есть кому приглядеть. На связи с ней постоянно, с врачом тоже поддерживаем контакт. Место хорошее, душевное | В июле оставлял маму в пансионате на месяц. Персонал заботливый, питание отличное, комнаты комфортные. Мамина свобода не ограничена, пребыванием там осталась более чем довольна! В середине осени снова планируем воспользоваться услугами. | Сразу после инсульта привезла в этот пансионат свою маму на восстановление. Первоначально переживала за то, какой здесь оказывают уход. Но все опасения были зря, поскольку вижу (и в том числе по состоянию мамы), что здесь действительно с вниманием относятся к пожилым людям, стараясь им помочь. Комплекс услуг по восстановлению оказывают полностью, и со стороны персонала проявляется максимальная компетентность.",24,3
"Академия Долголетия, пансионат для пожилых людей","Новая улица, 52",4.3,17,Дома престарелых,55.687162,37.369007,,15,"Академия Долгоелетия худший пансионат! Не размещайте здесь родственников в ясном уме.

Если ваш пожилой родственник сохранил ясность сознания - это место для него категорически не подходит. Наш дедушка стал свидетелем невыносимых условий: агрессивные постояльцы, антисанитария, когда человек испражнялся прямо в палате и размазывал это.

Обман с финансами. Менеджер на этапе заключения договора озвучил одну стоимость, а в итоге при расчете предъявили счет на 15 000 рублей в месяц больше. Нам завери | В пансионате метро Аэропорт хочу отметить сиделку Нину (1 этаж).
Замечательная сиделка, именно такая, которая должна быть в этой профессии.
Отзывчивая, добрая, выдержанная, спокойная, тихая, улыбчивая , никогда не слышала, чтобы она повышала голос на кого-либо.
Таких сиделок побольше и жизнь в пансионате станет краше!
Спасибо , Нина и спасибо пансионату, что нашли такого человека!
Паскаль Е.Ю. | Грубое и хамское отношение персонала к пожилым людям, грязь, уход не осуществляют. Отдала ходячую маму, забрала в опрелостях и пролежнях. Почти за 2 мес не мыли ни разу!
Вам будут рассказывать, что ваш родственник сам ничего не хочет, у него тяжелый характер и он все врет. Учтите, что врет именно персонал, им собачку или кошечку нельзя доверять, не то что людей! | Академия Долголетия — это поистине уникальное место для пожилых людей, расположенное в тихом зелёном районе недалеко от центра Москвы. Здесь создана атмосфера тепла и заботы, которая ощущается с первых минут. Особо хочется отметить безупречную чистоту, поддерживаемую в пансионате, что крайне важно для здоровья и комфорта проживающих. Питание здесь — не только вкусное, но и тщательно сбалансированное, с учётом всех возрастных потребностей.

Особую благодарность хочу выразить замечательной команде | Украли почти все вещи!!!
Моя родственница проживала в пансионате с апреля 2022г. по 1 мая 2024 г. а потом её перевели в Сходню, как неходячую. это ужасно сказалось на состоянии 91летней бабушки, ей стало плохо от перемены обстановки. но! самое ужасное то, что украли почти все её вещи на Аэропорте и перевезли с какими-то чужими пожитками...я просто в шоке и ничего не могу добиться от управляющей!!! | Очень приличное место. Тихо, ухоженный двор, внутри очень симпатично. А главное, правильный режим дня, хорошая еда, прогулки, уход и правильно подобранные лекарства сделали своё благое дело - за время пребывания в пансионате мама стала гораздо стабильнее и спокойнее себя чувствовать. Да и мы вместе с ней. | Если хотите,чтобы Ваш пожилой родственник проживал в чистоте и комфорте,вкусно кушал,вовремя принимал лекарства ,весело проводил досуг,то Вам надо поселить его в пансионат ""Академия Долголетия ""на метро Аэропорт. Наш дядя проживает длительное время в этом пансионате, всем доволен.Спасибо большое всему персоналу за заботу и тепло,которое они дарят нашим родным. | Добрый день!Хотелось бы выразить слова благодарности за доставленную заботу,поддержку в сторону моей пожилой тёти в пансионате ,,Академия долголетия"" на метро Аэропорт!Если вы желаете ,что бы ваш пожилой родственник всегда находился во внимании ,тепле и уюте,вовремя принимал необходимые лекарства ,то поселяйте его в ,,Академию Долголетия"",я уверена ,что ему ,как и моей тёте очень понравится !Отдельные слова благодарности хочется высказать замечательному персоналу, который так внимательно ищет к  | Низкий поклон всему персоналу пансионата Аэропорт! Мы объехали не один пансионат, чтобы найти место, где не только обеспечивают уход, но и проводятся занятия для больных с деменцией, а также где, есть место для прогулок. Пансионат расположен в здании бывшего детского сада, вокруг которого приличная территория, скамейки и беседка. Комнаты просторные, чистые и реально уютные, даже многоместные. Питание сама не пробовала, но мама оч хвалила. Моя мама была в пансионате месяц (июль). Первую неделю, к | Очень долго выбирала пансионат, поскольку очень тяжело доверить близкого человека чужим людям. Моей тете, Валентине Ивановне 82 года, она находится в данном пансионате. Когда бы я не приехала, она всегда ухоженная, накормленная + находиться под наблюдением врача. С ними проводят Коррекционные занятия, упражнения. Все можно посмотреть в телеграм канале. Хочу выразить огромную благодарность всему коллективу «Академии долголетия» метро Аэропорт. | Наш 96-летний дедушка проживает в пансионате ""Академия долголетия аэропорт"" уже почти год.
За это время с ним произошли существенные изменения. Теперь он ходит прямо, без посторонней помощи, нормализовался сон, аппетит, стул и т.д.
Все это благодаря заботливому, чуткому отношению персонала: неравнодушной Юлии Алексеевне, улыбчивой Марине, квалифицированному медперсоналу, поварам- мастерам своего дела.
Отдельное спасибо за поддержку телеграмм-канала, где мы каждый день можем видеть фото и видео с | Огромная благодарность пансионату! Очень дружелюбно встретили, все подробно рассказали и показали! Замечательное место для проживания в комфортных условиях. Красивый дизайн, все функционально сделано! Гуляют, поддерживают развивающими занятиями, разнообразно кормят👍 Рекомендую👍 | У них очень развитая инфраструктура, сразу видно, что это сетевой пансионат и тут есть свои стандарты качества обслуживания клиентов. Моя мама у них постоянно под присмотром, созданы все самые лучшие удобства. Услуг очень много. | Разместил в этом пансионате своих родителей, боялся, что им не понравится, маму у меня еще там привереда, привыкла к очень хорошим условиям. Но тут и внимание постоянное и обслуживание хорошее, да и питание родители хвалят. | У меня всегда были плохие ассоциации с пансионатами для пожилых. Но сложилась такая ситуация, что мы были вынуждены заселить бабушку в подобный пансионат. И не из-за того, что мы просто хотели от нее избавиться, просто другого выбора не было. Бабушка пережила инфаркт, когда ее выписали из больницы, за ней требовался тщательный уход: контроль приема лекарств, разминки, прием пищи и т.д. Из-за работы, мы с женой не могли всего этого обеспечить, а других родственников у бабули и нет. Решено было за",21,6
"Тропарево, социальный дом","улица Островитянова, 10 ст1",2.3,4,Дома престарелых,55.639874,37.501314,,0,,0,0
"Опора, пансионат","Ярославское шоссе, 87",5,3,Дома престарелых,55.909941,37.772814,,3,"В пансионате опора находится моя супруга, очень благодарен коллективу за хороший уход и внимание. Иногда в жизни происходит так что не возможно в домашних условиях ухаживать, в пансионате есть опытные специалисты которые очень хорошо ухаживают, делают ЛФК массаж, общаются, это очень необходимо некоторым людям. Всегда все чисто, вкусно кормят, я очень доволен. | Уже больше года в этом пансионате живет мой папа, и у меня только хорошие впечатления, все работники вежливые, дружелюбные, отзывчивые, всегда выслушают помогут, накормят если надо. И я и папа очень довольны. Мы работаем и оставлять его дома одного не совсем безопасно, а тут круглосуточный уход, и ему хорошо и мы спокойны. Отдельное спасибо, Галине Ивановне | Я очень благодарна сотрудникам пансионата Опора в Мытищах, за хороший уход за моей мамой, за доброе отношение. Большое спасибо Галине Ивановне и сиделкам, как хорошо что у нас в Мытищах есть такой пансионат.",12,0
"Лейкомед, пансионат","2-я Дубровская улица, 13 к1",3.1,3,Дома престарелых,55.727144,37.672419,,2,"Спасибо огромное ,что есть такой пансионат! Могу посещать свою маму каждый день. От метро 7 минут. Ни пробок ,ни потери времени. Еще и при госпитале. Врачи,анализы,обследования,все день в день можно пройти. | На 2гис написано, что клиника работает 24 часа. По факту пансионат по уходу за престорелыми, вот что отвечают по телефону. С улицы никого не берут. По телефону со мной общалась хамка.",1,0
"100+, пансионат для пожилых людей","1-й Лучевой просек, 3",5,1,Дома престарелых,55.79573,37.663722,"2-х местный номер: 5 500 ₽ | Комната для лежачих: 6 500 ₽ | Индивидуальный номер: 7 800 ₽ | Реабилитация после инсульта, переломов, больницы: 7 200 ₽ | Помощь при деменции и болезни Альцгеймера: 6 000 ₽ | Качество жизни. Здоровье. Долголетие.: 5 500 ₽",1,"Несколько раз оставлял тут своего дедушку, которому сейчас за 80. Благодаря этому пансионату победили страх перед домами престарелых, культивировавшийся в Советском Союзе.
Теперь, если уезжаем куда-то на долгий срок, от пары недель до нескольких месяцев - привозим деда в ""100+"". И ему не скучно, и нам за него спокойно.
Комнаты стильные, еда вкусная, вокруг парк. Работники доброжелательные. Остальные жильцы - кто как мы, ""на каникулы"" приезжает, кто постоянно живёт. Выглядят неплохо, кое с кем и ",0,1
Геронтологический центр Западный,"Нежинская улица, 2",1,2,Дома престарелых,55.717177,37.47357,,1,"Лежит мой брат Зямин Александр Васильевич, второй раз. Плюсов не увидел. Из минусов. В карантине холод, дополнительных подушек, одеяла или пледа не допросишься, лекарств нет, уход для галочки. Дозвониться можно только для секретаря. Записаться для посещения по телефону не возможно. А списки для посещения поданные при поступлении, с нашими фамилиями, за две недели на охрану так не попали. В карантине у брата седьмой день запор. Отдали передачу с лекарствами, витаминами и едой, её потеряли! Просят",0,0
"Северное Тушино, геронтологический центр","улица Вилиса Лациса, 2 к1",5,1,Дома престарелых,55.86689,37.432429,,1,"Прекрасное место для пожилых людей которым необходимо внимание и уход.
Прекрасные чистые палаты, достойный уход, питание и развлечения..
Знаю это не по наслышке а как сотрудник, культорганизатор работающий в заведении. Спасибо руководству центра ""Северное Тушино"", сотрудникам,за то что делают жизнь стариков лучше ,
чем порою многие их родные люди..
Михаил Михайлов",3,0
"Гармония жизни, дом престарелых","улица Кандинского, 2",1,1,Дома престарелых,55.722824,37.342347,,1,"Отдавали бабушку на 2 месяца летом. Заразилась там чесоткой. Одежда и обувь пропали. Ночью ее привязывали к кровати, чтобы не ходила по ночам и не мешала спать. В общем, безответственное и наплевательское отношение, делайте выводы",0,0
"Доктор Лиза, дом милосердия","Новая Басманная улица, 26 к2",,,Дома престарелых,55.769423,37.666036,,0,,0,0
"Счастье, пансионат для пожилых","Столярный переулок, 18",,,Дома престарелых,55.764217,37.565188,,0,,0,0
"Забота, пансионат для пожилых людей","Марксистская улица, 34 к4",,,Дома престарелых,55.735349,37.66303,"Непрерывное внутривенное (капельное) введение лекарственных препаратов: 900 ₽ | Наблюдение врача-психиатра на постоянной основе, 2 раза в месяц: 6 000 ₽ | Внутривенное введение лекарственных препаратов: 600 ₽ | Подкожная инъекция: 200 ₽ | Лежачий больной. Болезнь Паркинсона: 2 600 ₽ | Внутримышечное введение лекарственных препаратов: 400 ₽ | Прием (выезд, осмотр, консультация) врача-психиатра первичный: 6 500 ₽ | Самостоятельные, способные к самообслуживанию: 2 300 ₽ | Прием врача терапевта первичный: 5 500 ₽ | Прием (осмотр, консультация) врача терапевта (профилактический, 2 раза в месяц, комплексная услуга): 4 500 ₽ | Комплекс для больных диабетом (аппаратное определение уровня глюкозы в крови и подкожное введение инсулина, не более 70 процедур): 3 000 ₽ | Комплекс для больных диабетом (аппаратное определение уровня глюкозы в крови и подкожное введение инсулина, не более 20 процедур): 1 200 ₽ | Прием врача терапевта повторный: 4 500 ₽ | Прием (осмотр, консультация) врача-психиатра повторный: 4 000 ₽ | Уход за стомой (цистостома, колостома, уростома): 500 ₽ | Пансионат для лежачих пожилых людей: 2 600 ₽ | Реабилитация и восстановление после перелома шейки бедра: 2 600 ₽ | Пансионат для пожилых с болезнью Альцгеймера: 2 300 ₽ | Пансионаты для больных после инфаркта: 2 300 ₽ | Уход за престарелыми людьми: 2 300 ₽ | Восстановление после перелома шейки бедра: 2 300 ₽ | Пансионаты для больных сахарным диабетом: 2 600 ₽ | Пансионаты для инвалидов: 2 300 ₽ | Пансионаты для больных Паркинсоном: 2 300 ₽ | Пансионаты для пожилых людей с деменцией: 2 300 ₽ | Пансионаты для пожилых с реабилитацией после инсульта: 2 300 ₽ | Лежачие и тяжелобольные: 2 600 ₽ | Одноместный номер в Голицыно: 4 000 ₽ | Двухместный номер в Голицыно: 2 850 ₽ | Двухместный номер в Раменском: 2 700 ₽ | Двухместный номер в Шереметьевском: 3 400 ₽ | Вместе веселее: 3 000 ₽ | Трехместный номер в Раменском: 2 650 ₽ | Одноместный номер в Шереметьевском: 4 800 ₽ | Трехместный номер в Голицыно: 2 350 ₽ | Прием (осмотр, консультация) врача терапевта – (профилактический, 2 раза в месяц, комплексная услуга): 4 500 ₽ | Пансионат «Новокосино»: 2 450 ₽ | пансионат «Раменский»: 3 100 ₽ | пансионат «Алтуфьевский» в Москве .: 11 700 ₽ | пансионат «Голицыно»: 2 600 ₽ | Прием врача терапевта – первичный: 5 500 ₽ | пансионат в Балашихе: 2 300 ₽ | пансионат «Шереметьевский»: 3 300 ₽ | Пансионат «Шереметьевский»: 3 700 ₽ | Пансионат «Алтуфьевский»: 5 100 ₽ | дом престарелых «Голицыно»: 2 450 ₽ | Прием врача терапевта –повторный: 5 000 ₽ | Пансионат «Голицыно»: 2 700 ₽ | пансионат «Балашиха»: 2 300 ₽ | Пансионат «Раменский»: 3 100 ₽",0,,0,0
"Раменское, офис","Ленинский проспект, 42 к1-2-3",,,Дома престарелых,55.702537,37.566957,"2 Рентгенография легких: 700 ₽ | 9 Посев из носа на золотистый стафилококк (без а/б чувствительностью): 720 ₽ | 12 Анализ мокроты на ВК: 340 ₽ | 10 Общий анализ крови: 350 ₽ | 8 Посев из зева на золотистый стафилококк (без а/б и фагочувствительностью): 720 ₽ | 11 Общий анализ мочи: 144 ₽ | 6 Анализ на ВИЧ инфекцию (АТ и АГ к ВИЧ ½ скрининг, кач.): 320 ₽ | 1 Флюорография органов грудной клетки диагностическая в одной проекции: 360 ₽ | 4 Анализ на гепатит В, НВS Аg (кач.): 200 ₽ | 7 Анализ на реакцию Вассермана (RW): 340 ₽ | 13 Глюкоза в крови: 100 ₽ | 15 Анализ на энтеробиоз: 340 ₽ | Разработка индивидуальной программы логопедической реабилитации повторная: 1 100 ₽ | Взятие крови из пальца: 150 ₽ | Прием (осмотр, консультация) врача-кардиолога повторный: 1 100 ₽ | Иглорефлексотерапия (1 сеанс): 1 000 ₽ | Назначение и проведение комплекса упражнений (лечебной физкультуры) для терапевтических больных (при постельном режиме): 450 ₽ | Цитологическое исследование микропрепарата тканей мочевого пузыря: 400 ₽ | 7 Общий (клинический) анализ крови: 350 ₽ | Удаление доброкачественных новообразований кожи с использованием радиоволнового скальпеля от 1 кв.см до 3 кв.см: 3 500 ₽ | Составление заключения о физическом развитии: 500 ₽ | Ингаляторное введение лекарственных препаратов и кислорода, 1 процедура - 30 мин.: 100 ₽ | Прием (осмотр, консультация) врача-диетолога повторный: 1 100 ₽ | Индивидуальное занятие лечебной физкультурой при заболеваниях центральной нервной системы и головного мозга: 800 ₽ | Общая магнитотерапия Аппарат для низкочастотной магнитотерапии передвижной «Плюс -2М» 5-10 процедур: 750 ₽ | Комплексное суточное кардиологическое обследование ХМ ЭКГ + СМАД (Холтеровское мониторирование сердечного ритма с регулярным измерением показателей кровяного давления): 6 000 ₽ | Парафино-озокеритовая аппликация Парафинонагреватель ""Каскад"" 12-15 процедур: 400 ₽ | Прием (осмотр, консультация) врача-психиатра первичный с выдачей заключения: 3 000 ₽ | Прием (осмотр, консультация) врача-невролога повторный: 1 100 ₽ | Суточное мониторирование артериального давления: 4 500 ₽ | Взятие соскоба с перианальной области на энтеробиоз: 150 ₽ | 1 Молекулярно-биологическое исследование крови на вирус гепатита B (Hepatitis B virus) (кач.): 200 ₽ | 12 Микроскопическое исследование отпечатков с поверхности кожи перианальных складок на яйца остриц (Enterobius vermicularis) (на энтеробиоз): 340 ₽ | Подкожное введение лекарственных препаратов (без стоимости препарата): 200 ₽ | Лечебная физкультура с использованием тренажера, 30 мин.: 400 ₽ | Регистрация электрокардиограммы: 700 ₽ | 10 Исследование уровня глюкозы в крови: 100 ₽ | Прием (осмотр, консультация) врача-терапевта повторный: 1 100 ₽ | Школа для пациентов с сахарным диабетом (1 занятие): 1 300 ₽ | Прием (осмотр, консультация) врача-уролога повторный (КМН): 1 300 ₽ | Получение уретрального отделяемого (Взятие мазка на флору): 400 ₽ | Экспресс-исследование уровня глюкозы в крови: 450 ₽ | Катетеризация мочеточника у женщин: 500 ₽ | Прием (осмотр, консультация) врача-уролога повторный по результатам исследований с составлением плана лечения: 1 500 ₽ | Кинезиотейпирование: 500 ₽ | 11 Микроскопическое исследование кала на яйца и личинки гельминтов: 340 ₽ | Прием (осмотр, консультация) врача-кардиолога первичный: 1 300 ₽ | Назначение и проведение комплекса упражнений (лечебной физкультуры) для больных после хирургических вмешательств (при постельном режиме): 450 ₽ | Расшифровка, описание и интерпретация электрокардиографических данных: 500 ₽ | Флюорография легких: 360 ₽",0,,0,0
Патронажная служба,"Ленинский проспект, 42 к1-2-3",4.9,430,Дома престарелых,55.702537,37.566957,,15,"Лучший невролог работает здесь - Потапова Любовь Олеговна | Очень вежливый персонал на ресепшене, очень добрые, знающие своё дело врачи. Мне очень нравится эта клиника в Самаре, всегда лечусь только здесь. Очень нравится терапевт Хмелёв Андрей Васильевич. Очень внимательный терапевт, лечусь у него уже долго, всё нравится. Спасибо всем врачам за вашу работу🫶🏻 | Я много лет пользуюсь услугами клиники АЛЬФА ЦЕНТР ЗДОРОВЬЯ, метро Фрунзенская в Москве. Мое глубокое уважение и восхищение докторами во главе с главным врачом Садчиковым Петром Евгеньевичем.
Пётр Евгеньевич- доктор от Бога. Внимательный, грамотный- всегда относится с пониманием к пациенту. Все рекомендации Петра Евгеньевича помогают мне чувствовать себя хорошо, хотя мне 62 года.
Мое глубокое уважение и восхищение кардиологом - Акилджоновым Фирдавсджоном Рустамддоновичем. Этот доктор кандидат на | Отличные доктора. Особо хотелось бы отметить работу терапевта. Провела прием, выслушала проблему, задала уточняющие вопросы. В конце дала рекомендации. Оказалось,мой случай не совсем стандартный, и она разобралась | Обратилась к кардиологу Щербаковой Олесе Анатольевной , с проблемой ( задышка ,учащенное сердцебиение +высокий холестерин) Врач назначила обследование, лечение и дала рекомендации . Страх ушел, появилось желание вести здоровый образ жизни . Спасибо Вам огромное , Олеся Анатольевна . Побольше таких специалистов . А клинике желаю процветания. Хотя по очередях у Вас все прекрасно. Вы- лучшие. Очень вежливый персонал, чистота и порядок везде. Спасибо еще раз. | Обслуживаюсь в центре по ДМС уже более 10лет, всем очень довольна. Отдельная благодарность Ященко Елене, очень приятный и хороший врач. В отличии от многих врачей в коммерческих клиниках, никогда не назначит никаких лишних анализов и обследований. Таких врачей мне кажется все меньше и меньше. За это ее очень уважаю как специалиста. | Ввела в 2Гис запрос: «Справка для водительских прав с психиатром и наркологом». Система выдала много вариантов; я выбрала ближайший — «Альфа-Центр Здоровья». Я даже звонить не стала, потому что была рядом.
Подошла к регистратуре и вежливо сказала: «Я хочу получить справку для водительских прав».
Что услышала в ответ? Одна сотрудница с недовольным лицом бросила: «Мы такие услуги не оказываем! Никакие справки не выдаём!» — и всё это с откровенным отвращением!
Я спокойно парировала: «Эх, а в 2Гис н | Пошла на прием к гинекологу указана была стоимость приема около 5т.
По итогу прием плюс мазок 13т и направила сдать кровь еще на 10т.
А спросить у пациента можно, готов он это платить сейчас или нет? Нужно ему сейчас это или нет ?
То есть зашла на консультацию , а приписала доктор Быхова Татьяна Евгеньевна все что можно было. | Я пользуюь услугами клиники на Комсомольском уже более 10 лет. Очень хотелось бы вернуть систему депозитов. Это самая удобная на пациента и его семьи система оплат и кэшев. | Современная клиника. Всё что нужно | Выражаю свою благодарность персоналу на регистрации, всегда вежливые и оперативные!
Так же хочу отметить высокий уровень компетентности врача ортопеда - Сальников И.Н. | Отличная стоматология, всей семьёй обслуживание проводим здесь | Неплохое место, удобно добираться. Атмосфера спокойная, всё проходит без суеты и долгих ожиданий. Пока всё устраивает. | Два года была клиентом этого центра. Только хорошие воспоминания: любые процедуры, обследования, приемы врачей с минимальным ожиданием- на ресепшене подберут удобное время, согласуют услуги быстро и корректно. Удобный сайт и приложение с возможностью самостоятельной записи. | Я не ждала доктора, на приеме он дал назначения, это мне понравилось. Дерматолог Валько вежливая врач, ответила на все вопросы, уделила минут 15 своего времени, этого было достаточно.",16,4
Свято-Спиридоньевская богадельня,"набережная Шитова, 4 к1",,,Дома престарелых,55.800509,37.731195,,0,,0,0
"Люблино, геронтологический центр","Ставропольская улица, 27а",,,Дома престарелых,55.684945,37.766255,,0,,0,0
"Вторая молодость, центр для пожилых людей","Игарский проезд, 9 к1",,,Дома престарелых,55.85764,37.641663,,0,,0,0
"Югозападный, геронтологический центр","улица Островитянова, 16 к5",,,Дома престарелых,55.633488,37.506691,"Индивидуальная психологическая диагностика 1 час. 00 мин.: 315 ₽ | Курс процедуры релаксации в сенсорной комнате 0 час. 30 мин. 1 час. 00 мин.: 158 ₽ | Индивидуальная психологическая консультация 1 час. 00 мин.: 315 ₽ | Стрижка волос 1 час. 00 мин.: 315 ₽ | Массажа (оздоровительный, стимулирующий, местный) 0 час.30 мин. 1 час. 00 мин.: 158 ₽ | Бальнеотерапия - Жемчужная ванна - Сидячая ванна - Скипидарная ванна - Арома-ванна 0 час.30 мин.: 158 ₽ | Водолечение: - Душ Шарко - Циркулярный душ - Игольчатый душ - Восходящий душ) 0 час.30 мин.: 158 ₽ | Проведение психокоррекционной работы 1 час. 00 мин.: 315 ₽ | Услуга педикюра (без покрытия) 1 час. 00 мин.: 245 ₽ | Сеанс лечебной сауны с медицинским сопровождением (индивидуальное посещение) 1 час. 00 мин.: 315 ₽ | Лечебно-физкультурный комплекс с инструктором, в том числе в бассейне 0 час. 30 мин. 1 час. 00 мин.: 158 ₽ | Услуга маникюра (без покрытия) 1 час. 00 мин.: 189 ₽ | Проведение оздоровительного комплекса «Горный воздух», «Соляная пещера» 0 час.30 мин.: 158 ₽ | Солярий 0 час.10 мин.: 52.50 ₽",0,,0,0
"Дом Заботы, офис","Фармацевтический проезд, 3",,,Дома престарелых,55.833708,37.517023,,0,,0,0
"Левобережный, геронтологический центр","Правобережная улица, 4 к1",,,Дома престарелых,55.879481,37.454747,,0,,0,0
"Вторая молодость, Офис","Игарский проезд, 11",,,Дома престарелых,55.857793,37.64091,,0,,0,0
"Коньково, геронтологический центр","Профсоюзная улица, 140 к6",,,Дома престарелых,55.630299,37.504717,,0,,0,0
Геронтологический центр,"16-я Парковая улица, 16",1,2,Дома престарелых,55.800957,37.830341,,1,"Лежит мой брат Зямин Александр Васильевич, второй раз. Плюсов не увидел. Из минусов. В карантине холод, дополнительных подушек, одеяла или пледа не допросишься, лекарств нет, уход для галочки. Дозвониться можно только для секретаря. Записаться для посещения по телефону не возможно. А списки для посещения поданные при поступлении, с нашими фамилиями, за две недели на охрану так не попали. В карантине у брата седьмой день запор. Отдали передачу с лекарствами, витаминами и едой, её потеряли! Просят",0,0
"Аппассионата, пансионат для пожилых","улица Семашко, 6",,,Дома престарелых,55.926013,37.936048,,0,,0,0
"Академия Долголетия, пансионат для пожилых людей","Флотская улица, 76 к2",4.3,17,Дома престарелых,55.858995,37.514676,,15,"Академия Долгоелетия худший пансионат! Не размещайте здесь родственников в ясном уме.

Если ваш пожилой родственник сохранил ясность сознания - это место для него категорически не подходит. Наш дедушка стал свидетелем невыносимых условий: агрессивные постояльцы, антисанитария, когда человек испражнялся прямо в палате и размазывал это.

Обман с финансами. Менеджер на этапе заключения договора озвучил одну стоимость, а в итоге при расчете предъявили счет на 15 000 рублей в месяц больше. Нам завери | В пансионате метро Аэропорт хочу отметить сиделку Нину (1 этаж).
Замечательная сиделка, именно такая, которая должна быть в этой профессии.
Отзывчивая, добрая, выдержанная, спокойная, тихая, улыбчивая , никогда не слышала, чтобы она повышала голос на кого-либо.
Таких сиделок побольше и жизнь в пансионате станет краше!
Спасибо , Нина и спасибо пансионату, что нашли такого человека!
Паскаль Е.Ю. | Грубое и хамское отношение персонала к пожилым людям, грязь, уход не осуществляют. Отдала ходячую маму, забрала в опрелостях и пролежнях. Почти за 2 мес не мыли ни разу!
Вам будут рассказывать, что ваш родственник сам ничего не хочет, у него тяжелый характер и он все врет. Учтите, что врет именно персонал, им собачку или кошечку нельзя доверять, не то что людей! | Академия Долголетия — это поистине уникальное место для пожилых людей, расположенное в тихом зелёном районе недалеко от центра Москвы. Здесь создана атмосфера тепла и заботы, которая ощущается с первых минут. Особо хочется отметить безупречную чистоту, поддерживаемую в пансионате, что крайне важно для здоровья и комфорта проживающих. Питание здесь — не только вкусное, но и тщательно сбалансированное, с учётом всех возрастных потребностей.

Особую благодарность хочу выразить замечательной команде | Украли почти все вещи!!!
Моя родственница проживала в пансионате с апреля 2022г. по 1 мая 2024 г. а потом её перевели в Сходню, как неходячую. это ужасно сказалось на состоянии 91летней бабушки, ей стало плохо от перемены обстановки. но! самое ужасное то, что украли почти все её вещи на Аэропорте и перевезли с какими-то чужими пожитками...я просто в шоке и ничего не могу добиться от управляющей!!! | Очень приличное место. Тихо, ухоженный двор, внутри очень симпатично. А главное, правильный режим дня, хорошая еда, прогулки, уход и правильно подобранные лекарства сделали своё благое дело - за время пребывания в пансионате мама стала гораздо стабильнее и спокойнее себя чувствовать. Да и мы вместе с ней. | Если хотите,чтобы Ваш пожилой родственник проживал в чистоте и комфорте,вкусно кушал,вовремя принимал лекарства ,весело проводил досуг,то Вам надо поселить его в пансионат ""Академия Долголетия ""на метро Аэропорт. Наш дядя проживает длительное время в этом пансионате, всем доволен.Спасибо большое всему персоналу за заботу и тепло,которое они дарят нашим родным. | Добрый день!Хотелось бы выразить слова благодарности за доставленную заботу,поддержку в сторону моей пожилой тёти в пансионате ,,Академия долголетия"" на метро Аэропорт!Если вы желаете ,что бы ваш пожилой родственник всегда находился во внимании ,тепле и уюте,вовремя принимал необходимые лекарства ,то поселяйте его в ,,Академию Долголетия"",я уверена ,что ему ,как и моей тёте очень понравится !Отдельные слова благодарности хочется высказать замечательному персоналу, который так внимательно ищет к  | Низкий поклон всему персоналу пансионата Аэропорт! Мы объехали не один пансионат, чтобы найти место, где не только обеспечивают уход, но и проводятся занятия для больных с деменцией, а также где, есть место для прогулок. Пансионат расположен в здании бывшего детского сада, вокруг которого приличная территория, скамейки и беседка. Комнаты просторные, чистые и реально уютные, даже многоместные. Питание сама не пробовала, но мама оч хвалила. Моя мама была в пансионате месяц (июль). Первую неделю, к | Очень долго выбирала пансионат, поскольку очень тяжело доверить близкого человека чужим людям. Моей тете, Валентине Ивановне 82 года, она находится в данном пансионате. Когда бы я не приехала, она всегда ухоженная, накормленная + находиться под наблюдением врача. С ними проводят Коррекционные занятия, упражнения. Все можно посмотреть в телеграм канале. Хочу выразить огромную благодарность всему коллективу «Академии долголетия» метро Аэропорт. | Наш 96-летний дедушка проживает в пансионате ""Академия долголетия аэропорт"" уже почти год.
За это время с ним произошли существенные изменения. Теперь он ходит прямо, без посторонней помощи, нормализовался сон, аппетит, стул и т.д.
Все это благодаря заботливому, чуткому отношению персонала: неравнодушной Юлии Алексеевне, улыбчивой Марине, квалифицированному медперсоналу, поварам- мастерам своего дела.
Отдельное спасибо за поддержку телеграмм-канала, где мы каждый день можем видеть фото и видео с | Огромная благодарность пансионату! Очень дружелюбно встретили, все подробно рассказали и показали! Замечательное место для проживания в комфортных условиях. Красивый дизайн, все функционально сделано! Гуляют, поддерживают развивающими занятиями, разнообразно кормят👍 Рекомендую👍 | У них очень развитая инфраструктура, сразу видно, что это сетевой пансионат и тут есть свои стандарты качества обслуживания клиентов. Моя мама у них постоянно под присмотром, созданы все самые лучшие удобства. Услуг очень много. | Разместил в этом пансионате своих родителей, боялся, что им не понравится, маму у меня еще там привереда, привыкла к очень хорошим условиям. Но тут и внимание постоянное и обслуживание хорошее, да и питание родители хвалят. | У меня всегда были плохие ассоциации с пансионатами для пожилых. Но сложилась такая ситуация, что мы были вынуждены заселить бабушку в подобный пансионат. И не из-за того, что мы просто хотели от нее избавиться, просто другого выбора не было. Бабушка пережила инфаркт, когда ее выписали из больницы, за ней требовался тщательный уход: контроль приема лекарств, разминки, прием пищи и т.д. Из-за работы, мы с женой не могли всего этого обеспечить, а других родственников у бабули и нет. Решено было за",21,6
Услада жизни,"Солнечная улица, 6",,,Дома престарелых,56.006112,37.804296,,0,,0,0
"Линия жизни, пансионат для пожилых людей","Московская улица, 17",,,Дома престарелых,55.723702,37.362498,,0,,0,0
"Четыре сезона, частный дом престарелых","улица Ноздрюхина, 22",,,Дома престарелых,55.736133,37.351364,,0,,0,0
"Вековие, пансионат для пожилых","Амбулаторная улица, 80",,,Дома престарелых,55.713502,37.375124,,0,,0,0
"Теплота и забота, пансионат для пожилых людей","Шипиловская улица, 1",,,Дома престарелых,55.618212,37.697327,,0,,0,0
Радость Долголетия,"Шипиловская улица, 1",,,Дома престарелых,55.6177,37.696842,,0,,0,0
"Ангел, пансионат для пожилых людей","7-я Верхняя линия, 28",,,Дома престарелых,55.769442,37.889974,,0,,0,0
"Любавушка, пансионат","Разинское шоссе, 52",,,Дома престарелых,55.767867,37.925316,Четырёх-местное размещение: 2 500 ₽ | Трёх-местное размещение: 2 750 ₽ | Двух-местное размещение: 3 000 ₽ | Одно-местное размещение: 5 000 ₽,0,,0,0
"Западный, геронтологический центр","улица 7-я Лазенки, 12 к1",1,2,Дома престарелых,55.660189,37.349142,,1,"Лежит мой брат Зямин Александр Васильевич, второй раз. Плюсов не увидел. Из минусов. В карантине холод, дополнительных подушек, одеяла или пледа не допросишься, лекарств нет, уход для галочки. Дозвониться можно только для секретаря. Записаться для посещения по телефону не возможно. А списки для посещения поданные при поступлении, с нашими фамилиями, за две недели на охрану так не попали. В карантине у брата седьмой день запор. Отдали передачу с лекарствами, витаминами и едой, её потеряли! Просят",0,0
Комплексный центр социального обслуживания и реабилитации Одинцовский,"территория Больницы, ст2",,,Дома престарелых,55.736002,37.336546,,0,,0,0
